<beans xmlns="http://www.springframework.org/schema/beans"
       xmlns:xsi="http://www.w3.org/2001/XMLSchema-instance"
       xmlns:context="http://www.springframework.org/schema/context"
       xmlns:mvc="http://www.springframework.org/schema/mvc"
       xsi:schemaLocation="http://www.springframework.org/schema/beans http://www.springframework.org/schema/beans/spring-beans-3.0.xsd
        http://www.springframework.org/schema/context http://www.springframework.org/schema/context/spring-context-3.0.xsd
        http://www.springframework.org/schema/mvc http://www.springframework.org/schema/mvc/spring-mvc-3.0.xsd">

       <context:component-scan base-package="com.mark.java"/>

       <mvc:annotation-driven />

       <bean id="viewResolver" class="org.springframework.web.servlet.view.InternalResourceViewResolver">
              <property name="prefix" value="/pages/"/>
              <property name="suffix" value=".jsp"/>
       </bean>

       <bean id="multipartResolver" class="org.springframework.web.multipart.commons.CommonsMultipartResolver">
              <property name="defaultEncoding" value="UTF-8"/>
              <property name="maxUploadSize" value="2000000"/>
       </bean>

       <mvc:resources mapping="/static/**" location="/"/>

       <mvc:default-servlet-handler />

</beans>