<?xml version="1.0" encoding="UTF-8"?>
<beans xmlns="http://www.springframework.org/schema/beans"
       xmlns:xsi="http://www.w3.org/2001/XMLSchema-instance"
       xmlns:tx="http://www.springframework.org/schema/tx"
       xmlns:aop="http://www.springframework.org/schema/aop"
       xmlns:context="http://www.springframework.org/schema/context"
       xsi:schemaLocation="http://www.springframework.org/schema/beans http://www.springframework.org/schema/beans/spring-beans-3.0.xsd
    http://www.springframework.org/schema/tx http://www.springframework.org/schema/tx/spring-tx-3.0.xsd  
    http://www.springframework.org/schema/aop http://www.springframework.org/schema/aop/spring-aop-3.0.xsd  
    http://www.springframework.org/schema/context http://www.springframework.org/schema/context/spring-context-3.0.xsd
    ">

       <context:property-placeholder location="classpath:/META-INF/properties/hibernate.properties" />

       <!-- 使用C3P0数据源，MySQL数据库 -->
       <bean id="dataSource" class="com.mchange.v2.c3p0.ComboPooledDataSource"
             destroy-method="close">
              <!-- MySQL5 -->
              <property name="driverClass" value="${driverClassName}"></property>
              <property name="jdbcUrl" value="${url}"></property>
              <property name="user" value="${username}"></property>
              <property name="password" value="${password}"></property>
              <property name="maxPoolSize" value="40"></property>
              <property name="minPoolSize" value="1"></property>
              <property name="initialPoolSize" value="1"></property>
              <property name="maxIdleTime" value="20"></property>
       </bean>

       <!-- session工厂 -->
       <bean id="sessionFactory"
             class="org.springframework.orm.hibernate4.LocalSessionFactoryBean">
              <property name="dataSource" ref="dataSource" />
              <property name="packagesToScan" value="com.mark.java.entity" />
              <property name="hibernateProperties">
                     <props>
                            <prop key="hibernate.hbm2ddl.auto">${hibernate.hbm2ddl.auto}</prop>
                            <prop key="hibernate.dialect">${hibernate.dialect}</prop>
                            <prop key="hibernate.show_sql">${hibernate.show_sql}</prop>
                            <prop key="hibernate.format_sql">${hibernate.format_sql}</prop>
                     </props>
              </property>
       </bean>

       <bean id="transactionManager"
             class="org.springframework.orm.hibernate4.HibernateTransactionManager">
              <property name="sessionFactory" ref="sessionFactory"></property>
       </bean>

       <tx:annotation-driven transaction-manager="transactionManager" />

</beans>